0.1,0.001745328
0.2,0.003490651
0.3,0.005235964
0.4,0.00698126
0.5,0.008726535
0.6,0.010471784
0.7,0.012217001
0.8,0.01396218
0.9,0.015707317
1,0.017452406
1.1,0.019197442
1.2,0.02094242
1.3,0.022687334
1.4,0.024432178
1.5,0.026176948
1.6,0.027921639
1.7,0.029666244
1.8,0.031410759
1.9,0.033155178
2,0.034899497
2.1,0.036643709
2.2,0.038387809
2.3,0.040131793
2.4,0.041875654
2.5,0.043619387
2.6,0.045362988
2.7,0.047106451
2.8,0.04884977
2.9,0.05059294
3,0.052335956
3.1,0.054078813
3.2,0.055821505
3.3,0.057564027
3.4,0.059306374
3.5,0.06104854
3.6,0.06279052
3.7,0.064532308
3.8,0.0662739
3.9,0.068015291
4,0.069756474
4.1,0.071497444
4.2,0.073238197
4.3,0.074978727
4.4,0.076719028
4.5,0.078459096
4.6,0.080198924
4.7,0.081938509
4.8,0.083677843
4.9,0.085416923
5,0.087155743
5.1,0.088894297
5.2,0.09063258
5.3,0.092370587
5.4,0.094108313
5.5,0.095845753
5.6,0.0975829
5.7,0.09931975
5.8,0.101056297
5.9,0.102792537
6,0.104528463
6.1,0.106264071
6.2,0.107999356
6.3,0.109734311
6.4,0.111468932
6.5,0.113203214
6.6,0.11493715
6.7,0.116670737
6.8,0.118403968
6.9,0.120136839
7,0.121869343
7.1,0.123601477
7.2,0.125333234
7.3,0.127064609
7.4,0.128795597
7.5,0.130526192
7.6,0.13225639
7.7,0.133986185
7.8,0.135715572
7.9,0.137444546
8,0.139173101
8.1,0.140901232
8.2,0.142628934
8.3,0.144356201
8.4,0.146083029
8.5,0.147809411
8.6,0.149535343
8.7,0.15126082
8.8,0.152985836
8.9,0.154710386
9,0.156434465
9.1,0.158158067
9.2,0.159881188
9.3,0.161603821
9.4,0.163325962
9.5,0.165047606
9.6,0.166768747
9.7,0.16848938
9.8,0.170209499
9.9,0.1719291
10,0.173648178
10.1,0.175366726
10.2,0.17708474
10.3,0.178802215
10.4,0.180519145
10.5,0.182235525
10.6,0.183951351
10.7,0.185666615
10.8,0.187381315
10.9,0.189095443
11,0.190808995
11.1,0.192521967
11.2,0.194234351
11.3,0.195946144
11.4,0.19765734
11.5,0.199367934
11.6,0.201077921
11.7,0.202787295
11.8,0.204496052
11.9,0.206204185
12,0.207911691
12.1,0.209618563
12.2,0.211324796
12.3,0.213030386
12.4,0.214735327
12.5,0.216439614
12.6,0.218143241
12.7,0.219846204
12.8,0.221548498
12.9,0.223250116
13,0.224951054
13.1,0.226651307
13.2,0.22835087
13.3,0.230049737
13.4,0.231747903
13.5,0.233445364
13.6,0.235142113
13.7,0.236838146
13.8,0.238533458
13.9,0.240228042
14,0.241921896
14.1,0.243615012
14.2,0.245307386
14.3,0.246999013
14.4,0.248689887
14.5,0.250380004
14.6,0.252069358
14.7,0.253757945
14.8,0.255445758
14.9,0.257132793
15,0.258819045
15.1,0.260504509
15.2,0.262189179
15.3,0.26387305
15.4,0.265556117
15.5,0.267238376
15.6,0.268919821
15.7,0.270600446
15.8,0.272280247
15.9,0.273959219
16,0.275637356
16.1,0.277314653
16.2,0.278991106
16.3,0.280666709
16.4,0.282341457
16.5,0.284015345
16.6,0.285688367
16.7,0.28736052
16.8,0.289031797
16.9,0.290702194
17,0.292371705
17.1,0.294040325
17.2,0.29570805
17.3,0.297374874
17.4,0.299040792
17.5,0.3007058
17.6,0.302369891
17.7,0.304033061
17.8,0.305695305
17.9,0.307356618
18,0.309016994
18.1,0.31067643
18.2,0.312334919
18.3,0.313992456
18.4,0.315649037
18.5,0.317304656
18.6,0.318959309
18.7,0.320612991
18.8,0.322265695
18.9,0.323917418
19,0.325568154
19.1,0.327217899
19.2,0.328866647
19.3,0.330514393
19.4,0.332161132
19.5,0.333806859
19.6,0.33545157
19.7,0.337095258
19.8,0.33873792
19.9,0.34037955
20,0.342020143
20.1,0.343659695
20.2,0.345298199
20.3,0.346935652
20.4,0.348572047
20.5,0.350207381
20.6,0.351841648
20.7,0.353474844
20.8,0.355106962
20.9,0.356737999
21,0.35836795
21.1,0.359996808
21.2,0.36162457
21.3,0.36325123
21.4,0.364876784
21.5,0.366501227
21.6,0.368124553
21.7,0.369746757
21.8,0.371367836
21.9,0.372987783
22,0.374606593
22.1,0.376224263
22.2,0.377840787
22.3,0.37945616
22.4,0.381070376
22.5,0.382683432
22.6,0.384295323
22.7,0.385906042
22.8,0.387515586
22.9,0.38912395
23,0.390731128
23.1,0.392337117
23.2,0.39394191
23.3,0.395545503
23.4,0.397147891
23.5,0.398749069
23.6,0.400349033
23.7,0.401947777
23.8,0.403545296
23.9,0.405141587
24,0.406736643
24.1,0.40833046
24.2,0.409923034
24.3,0.411514359
24.4,0.41310443
24.5,0.414693243
24.6,0.416280792
24.7,0.417867074
24.8,0.419452082
24.9,0.421035813
25,0.422618262
25.1,0.424199423
25.2,0.425779292
25.3,0.427357863
25.4,0.428935133
25.5,0.430511097
25.6,0.432085749
25.7,0.433659085
25.8,0.435231099
25.9,0.436801788
26,0.438371147
26.1,0.43993917
26.2,0.441505853
26.3,0.443071191
26.4,0.444635179
26.5,0.446197813
26.6,0.447759088
26.7,0.449318999
26.8,0.450877541
26.9,0.452434709
27,0.4539905
27.1,0.455544907
27.2,0.457097927
27.3,0.458649554
27.4,0.460199785
27.5,0.461748613
27.6,0.463296035
27.7,0.464842046
27.8,0.46638664
27.9,0.467929814
28,0.469471563
28.1,0.471011881
28.2,0.472550765
28.3,0.474088209
28.4,0.475624209
28.5,0.47715876
28.6,0.478691858
28.7,0.480223497
28.8,0.481753674
28.9,0.483282383
29,0.48480962
29.1,0.48633538
29.2,0.487859659
29.3,0.489382452
29.4,0.490903754
29.5,0.49242356
29.6,0.493941867
29.7,0.495458668
29.8,0.496973961
29.9,0.49848774
30,0.5
30.1,0.501510737
30.2,0.503019947
30.3,0.504527624
30.4,0.506033764
30.5,0.507538363
30.6,0.509041416
30.7,0.510542918
30.8,0.512042865
30.9,0.513541252
31,0.515038075
31.1,0.516533329
31.2,0.518027009
31.3,0.519519112
31.4,0.521009632
31.5,0.522498565
31.6,0.523985906
31.7,0.525471651
31.8,0.526955795
31.9,0.528438335
32,0.529919264
32.1,0.53139858
32.2,0.532876276
32.3,0.534352349
32.4,0.535826795
32.5,0.537299608
32.6,0.538770785
32.7,0.54024032
32.8,0.54170821
32.9,0.54317445
33,0.544639035
33.1,0.546101961
33.2,0.547563223
33.3,0.549022818
33.4,0.55048074
33.5,0.551936985
33.6,0.553391549
33.7,0.554844427
33.8,0.556295616
33.9,0.557745109
34,0.559192903
34.1,0.560638995
34.2,0.562083378
34.3,0.563526049
34.4,0.564967003
34.5,0.566406237
34.6,0.567843745
34.7,0.569279523
34.8,0.570713568
34.9,0.572145873
35,0.573576436
35.1,0.575005252
35.2,0.576432316
35.3,0.577857624
35.4,0.579281172
35.5,0.580702956
35.6,0.58212297
35.7,0.583541211
35.8,0.584957675
35.9,0.586372357
36,0.587785252
36.1,0.589196357
36.2,0.590605668
36.3,0.592013179
36.4,0.593418887
36.5,0.594822787
36.6,0.596224875
36.7,0.597625147
36.8,0.599023599
36.9,0.600420225
37,0.601815023
37.1,0.603207988
37.2,0.604599115
37.3,0.6059884
37.4,0.60737584
37.5,0.608761429
37.6,0.610145164
37.7,0.61152704
37.8,0.612907054
37.9,0.6142852
38,0.615661475
38.1,0.617035875
38.2,0.618408395
38.3,0.619779032
38.4,0.62114778
38.5,0.622514637
38.6,0.623879597
38.7,0.625242656
38.8,0.626603811
38.9,0.627963058
39,0.629320391
39.1,0.630675807
39.2,0.632029303
39.3,0.633380873
39.4,0.634730513
39.5,0.63607822
39.6,0.63742399
39.7,0.638767818
39.8,0.640109699
39.9,0.641449632
40,0.64278761
40.1,0.64412363
40.2,0.645457688
40.3,0.64678978
40.4,0.648119901
40.5,0.649448048
40.6,0.650774217
40.7,0.652098404
40.8,0.653420604
40.9,0.654740814
41,0.656059029
41.1,0.657375246
41.2,0.65868946
41.3,0.660001668
41.4,0.661311865
41.5,0.662620048
41.6,0.663926213
41.7,0.665230355
41.8,0.66653247
41.9,0.667832555
42,0.669130606
42.1,0.670426619
42.2,0.671720589
42.3,0.673012514
42.4,0.674302388
42.5,0.675590208
42.6,0.67687597
42.7,0.67815967
42.8,0.679441304
42.9,0.680720869
43,0.68199836
43.1,0.683273774
43.2,0.684547106
43.3,0.685818353
43.4,0.687087511
43.5,0.688354576
43.6,0.689619544
43.7,0.690882411
43.8,0.692143174
43.9,0.693401828
44,0.69465837
44.1,0.695912797
44.2,0.697165103
44.3,0.698415285
44.4,0.699663341
44.5,0.700909264
44.6,0.702153053
44.7,0.703394703
44.8,0.70463421
44.9,0.705871571
45,0.707106781
45.1,0.708339838
45.2,0.709570737
45.3,0.710799474
45.4,0.712026046
45.5,0.713250449
45.6,0.71447268
45.7,0.715692734
45.8,0.716910608
45.9,0.718126298
46,0.7193398
46.1,0.720551112
46.2,0.721760228
46.3,0.722967146
46.4,0.724171861
46.5,0.725374371
46.6,0.726574671
46.7,0.727772758
46.8,0.728968627
46.9,0.730162277
47,0.731353702
47.1,0.732542899
47.2,0.733729865
47.3,0.734914595
47.4,0.736097087
47.5,0.737277337
47.6,0.738455341
47.7,0.739631095
47.8,0.740804596
47.9,0.741975841
48,0.743144825
48.1,0.744311546
48.2,0.745476
48.3,0.746638182
48.4,0.74779809
48.5,0.748955721
48.6,0.75011107
48.7,0.751264134
48.8,0.752414909
48.9,0.753563392
49,0.75470958
49.1,0.755853469
49.2,0.756995056
49.3,0.758134336
49.4,0.759271307
49.5,0.760405966
49.6,0.761538308
49.7,0.76266833
49.8,0.763796029
49.9,0.764921401
50,0.766044443
50.1,0.767165152
50.2,0.768283524
50.3,0.769399555
50.4,0.770513243
50.5,0.771624583
50.6,0.772733573
50.7,0.77384021
50.8,0.774944489
50.9,0.776046407
51,0.777145961
51.1,0.778243149
51.2,0.779337965
51.3,0.780430407
51.4,0.781520472
51.5,0.782608157
51.6,0.783693457
51.7,0.784776371
51.8,0.785856893
51.9,0.786935022
52,0.788010754
52.1,0.789084085
52.2,0.790155012
52.3,0.791223533
52.4,0.792289643
52.5,0.79335334
52.6,0.794414621
52.7,0.795473481
52.8,0.796529918
52.9,0.797583929
53,0.79863551
53.1,0.799684658
53.2,0.800731371
53.3,0.801775644
53.4,0.802817475
53.5,0.803856861
53.6,0.804893797
53.7,0.805928282
53.8,0.806960312
53.9,0.807989884
54,0.809016994
54.1,0.81004164
54.2,0.811063819
54.3,0.812083527
54.4,0.813100761
54.5,0.814115518
54.6,0.815127796
54.7,0.81613759
54.8,0.817144898
54.9,0.818149717
55,0.819152044
55.1,0.820151876
55.2,0.821149209
55.3,0.822144041
55.4,0.823136369
55.5,0.824126189
55.6,0.825113498
55.7,0.826098294
55.8,0.827080574
55.9,0.828060335
56,0.829037573
56.1,0.830012285
56.2,0.830984469
56.3,0.831954122
56.4,0.832921241
56.5,0.833885822
56.6,0.834847863
56.7,0.835807361
56.8,0.836764313
56.9,0.837718717
57,0.838670568
57.1,0.839619865
57.2,0.840566603
57.3,0.841510782
57.4,0.842452397
57.5,0.843391446
57.6,0.844327926
57.7,0.845261833
57.8,0.846193166
57.9,0.847121921
58,0.848048096
58.1,0.848971688
58.2,0.849892693
58.3,0.850811109
58.4,0.851726934
58.5,0.852640164
58.6,0.853550797
58.7,0.85445883
58.8,0.85536426
58.9,0.856267085
59,0.857167301
59.1,0.858064906
59.2,0.858959897
59.3,0.859852272
59.4,0.860742027
59.5,0.86162916
59.6,0.862513669
59.7,0.863395551
59.8,0.864274802
59.9,0.865151421
60,0.866025404
60.1,0.866896749
60.2,0.867765453
60.3,0.868631514
60.4,0.86949493
60.5,0.870355696
60.6,0.871213811
60.7,0.872069272
60.8,0.872922077
60.9,0.873772223
61,0.874619707
61.1,0.875464527
61.2,0.87630668
61.3,0.877146164
61.4,0.877982975
61.5,0.878817113
61.6,0.879648573
61.7,0.880477354
61.8,0.881303452
61.9,0.882126866
62,0.882947593
62.1,0.88376563
62.2,0.884580975
62.3,0.885393626
62.4,0.886203579
62.5,0.887010833
62.6,0.887815385
62.7,0.888617233
62.8,0.889416373
62.9,0.890212805
63,0.891006524
63.1,0.89179753
63.2,0.892585818
63.3,0.893371388
63.4,0.894154237
63.5,0.894934362
63.6,0.89571176
63.7,0.89648643
63.8,0.89725837
63.9,0.898027576
64,0.898794046
64.1,0.899557779
64.2,0.900318771
64.3,0.901077021
64.4,0.901832526
64.5,0.902585284
64.6,0.903335293
64.7,0.90408255
64.8,0.904827052
64.9,0.905568799
65,0.906307787
65.1,0.907044014
65.2,0.907777479
65.3,0.908508178
65.4,0.909236109
65.5,0.909961271
65.6,0.910683661
65.7,0.911403277
65.8,0.912120116
65.9,0.912834177
66,0.913545458
66.1,0.914253955
66.2,0.914959668
66.3,0.915662593
66.4,0.91636273
66.5,0.917060074
66.6,0.917754626
66.7,0.918446381
66.8,0.919135339
66.9,0.919821497
67,0.920504853
67.1,0.921185406
67.2,0.921863152
67.3,0.922538089
67.4,0.923210217
67.5,0.923879533
67.6,0.924546034
67.7,0.925209718
67.8,0.925870585
67.9,0.926528631
68,0.927183855
68.1,0.927836254
68.2,0.928485827
68.3,0.929132572
68.4,0.929776486
68.5,0.930417568
68.6,0.931055816
68.7,0.931691228
68.8,0.932323801
68.9,0.932953535
69,0.933580426
69.1,0.934204474
69.2,0.934825676
69.3,0.935444031
69.4,0.936059536
69.5,0.936672189
69.6,0.937281989
69.7,0.937888935
69.8,0.938493023
69.9,0.939094252
70,0.939692621
70.1,0.940288127
70.2,0.940880769
70.3,0.941470545
70.4,0.942057453
70.5,0.942641491
70.6,0.943222658
70.7,0.943800952
70.8,0.94437637
70.9,0.944948912
71,0.945518576
71.1,0.946085359
71.2,0.94664926
71.3,0.947210278
71.4,0.94776841
71.5,0.948323655
71.6,0.948876012
71.7,0.949425478
71.8,0.949972052
71.9,0.950515732
72,0.951056516
72.1,0.951594404
72.2,0.952129393
72.3,0.952661481
72.4,0.953190668
72.5,0.953716951
72.6,0.954240329
72.7,0.9547608
72.8,0.955278362
72.9,0.955793015
73,0.956304756
73.1,0.956813584
73.2,0.957319498
73.3,0.957822495
73.4,0.958322574
73.5,0.958819735
73.6,0.959313975
73.7,0.959805292
73.8,0.960293686
73.9,0.960779154
74,0.961261696
74.1,0.96174131
74.2,0.962217994
74.3,0.962691746
74.4,0.963162567
74.5,0.963630453
74.6,0.964095404
74.7,0.964557418
74.8,0.965016494
74.9,0.965472631
75,0.965925826
75.1,0.966376079
75.2,0.966823389
75.3,0.967267753
75.4,0.96770917
75.5,0.96814764
75.6,0.968583161
75.7,0.969015731
75.8,0.96944535
75.9,0.969872015
76,0.970295726
76.1,0.970716482
76.2,0.97113428
76.3,0.97154912
76.4,0.971961001
76.5,0.97236992
76.6,0.972775878
76.7,0.973178873
76.8,0.973578903
76.9,0.973975967
77,0.974370065
77.1,0.974761194
77.2,0.975149354
77.3,0.975534544
77.4,0.975916762
77.5,0.976296007
77.6,0.976672278
77.7,0.977045574
77.8,0.977415894
77.9,0.977783237
78,0.978147601
78.1,0.978508985
78.2,0.978867389
78.3,0.979222811
78.4,0.97957525
78.5,0.979924705
78.6,0.980271175
78.7,0.980614659
78.8,0.980955155
78.9,0.981292664
79,0.981627183
79.1,0.981958713
79.2,0.982287251
79.3,0.982612797
79.4,0.982935349
79.5,0.983254908
79.6,0.983571471
79.7,0.983885038
79.8,0.984195608
79.9,0.98450318
80,0.984807753
80.1,0.985109326
80.2,0.985407898
80.3,0.985703469
80.4,0.985996037
80.5,0.986285602
80.6,0.986572162
80.7,0.986855716
80.8,0.987136265
80.9,0.987413807
81,0.987688341
81.1,0.987959866
81.2,0.988228381
81.3,0.988493887
81.4,0.988756381
81.5,0.989015863
81.6,0.989272333
81.7,0.989525789
81.8,0.989776231
81.9,0.990023658
82,0.990268069
82.1,0.990509463
82.2,0.99074784
82.3,0.9909832
82.4,0.99121554
82.5,0.991444861
82.6,0.991671162
82.7,0.991894443
82.8,0.992114701
82.9,0.992331938
83,0.992546152
83.1,0.992757342
83.2,0.992965508
83.3,0.99317065
83.4,0.993372766
83.5,0.993571856
83.6,0.993767919
83.7,0.993960955
83.8,0.994150964
83.9,0.994337944
84,0.994521895
84.1,0.994702817
84.2,0.994880709
84.3,0.99505557
84.4,0.9952274
84.5,0.995396198
84.6,0.995561965
84.7,0.995724698
84.8,0.995884399
84.9,0.996041065
85,0.996194698
85.1,0.996345296
85.2,0.996492859
85.3,0.996637387
85.4,0.996778878
85.5,0.996917334
85.6,0.997052752
85.7,0.997185134
85.8,0.997314477
85.9,0.997440783
86,0.99756405
86.1,0.997684279
86.2,0.997801468
86.3,0.997915618
86.4,0.998026728
86.5,0.998134798
86.6,0.998239828
86.7,0.998341817
86.8,0.998440764
86.9,0.99853667
87,0.998629535
87.1,0.998719357
87.2,0.998806137
87.3,0.998889875
87.4,0.99897057
87.5,0.999048222
87.6,0.99912283
87.7,0.999194395
87.8,0.999262916
87.9,0.999328394
88,0.999390827
88.1,0.999450216
88.2,0.99950656
88.3,0.99955986
88.4,0.999610115
88.5,0.999657325
88.6,0.99970149
88.7,0.999742609
88.8,0.999780683
88.9,0.999815712
89,0.999847695
89.1,0.999876632
89.2,0.999902524
89.3,0.99992537
89.4,0.999945169
89.5,0.999961923
89.6,0.999975631
89.7,0.999986292
89.8,0.999993908
89.9,0.999998477
90,1
90.1,0.999998477
90.2,0.999993908
90.3,0.999986292
90.4,0.999975631
90.5,0.999961923
90.6,0.999945169
90.7,0.99992537
90.8,0.999902524
90.9,0.999876632
91,0.999847695
91.1,0.999815712
91.2,0.999780683
91.3,0.999742609
91.4,0.99970149
91.5,0.999657325
91.6,0.999610115
91.7,0.99955986
91.8,0.99950656
91.9,0.999450216
92,0.999390827
92.1,0.999328394
92.2,0.999262916
92.3,0.999194395
92.4,0.99912283
92.5,0.999048222
92.6,0.99897057
92.7,0.998889875
92.8,0.998806137
92.9,0.998719357
93,0.998629535
93.1,0.99853667
93.2,0.998440764
93.3,0.998341817
93.4,0.998239828
93.5,0.998134798
93.6,0.998026728
93.7,0.997915618
93.8,0.997801468
93.9,0.997684279
94,0.99756405
94.1,0.997440783
94.2,0.997314477
94.3,0.997185134
94.4,0.997052752
94.5,0.996917334
94.6,0.996778878
94.7,0.996637387
94.8,0.996492859
94.9,0.996345296
95,0.996194698
95.1,0.996041065
95.2,0.995884399
95.3,0.995724698
95.4,0.995561965
95.5,0.995396198
95.6,0.9952274
95.7,0.99505557
95.8,0.994880709
95.9,0.994702817
96,0.994521895
96.1,0.994337944
96.2,0.994150964
96.3,0.993960955
96.4,0.993767919
96.5,0.993571856
96.6,0.993372766
96.7,0.99317065
96.8,0.992965508
96.9,0.992757342
97,0.992546152
97.1,0.992331938
97.2,0.992114701
97.3,0.991894443
97.4,0.991671162
97.5,0.991444861
97.6,0.99121554
97.7,0.9909832
97.8,0.99074784
97.9,0.990509463
98,0.990268069
98.1,0.990023658
98.2,0.989776231
98.3,0.989525789
98.4,0.989272333
98.5,0.989015863
98.6,0.988756381
98.7,0.988493887
98.8,0.988228381
98.9,0.987959866
99,0.987688341
99.1,0.987413807
99.2,0.987136265
99.3,0.986855716
99.4,0.986572162
99.5,0.986285602
99.6,0.985996037
99.7,0.985703469
99.8,0.985407898
99.9,0.985109326
100,0.984807753
100.1,0.98450318
100.2,0.984195608
100.3,0.983885038
100.4,0.983571471
100.5,0.983254908
100.6,0.982935349
100.7,0.982612797
100.8,0.982287251
100.9,0.981958713
101,0.981627183
101.1,0.981292664
101.2,0.980955155
101.3,0.980614659
101.4,0.980271175
101.5,0.979924705
101.6,0.97957525
101.7,0.979222811
101.8,0.978867389
101.9,0.978508985
102,0.978147601
102.1,0.977783237
102.2,0.977415894
102.3,0.977045574
102.4,0.976672278
102.5,0.976296007
102.6,0.975916762
102.7,0.975534544
102.8,0.975149354
102.9,0.974761194
103,0.974370065
103.1,0.973975967
103.2,0.973578903
103.3,0.973178873
103.4,0.972775878
103.5,0.97236992
103.6,0.971961001
103.7,0.97154912
103.8,0.97113428
103.9,0.970716482
104,0.970295726
104.1,0.969872015
104.2,0.96944535
104.3,0.969015731
104.4,0.968583161
104.5,0.96814764
104.6,0.96770917
104.7,0.967267753
104.8,0.966823389
104.9,0.966376079
105,0.965925826
105.1,0.965472631
105.2,0.965016494
105.3,0.964557418
105.4,0.964095404
105.5,0.963630453
105.6,0.963162567
105.7,0.962691746
105.8,0.962217994
105.9,0.96174131
106,0.961261696
106.1,0.960779154
106.2,0.960293686
106.3,0.959805292
106.4,0.959313975
106.5,0.958819735
106.6,0.958322574
106.7,0.957822495
106.8,0.957319498
106.9,0.956813584
107,0.956304756
107.1,0.955793015
107.2,0.955278362
107.3,0.9547608
107.4,0.954240329
107.5,0.953716951
107.6,0.953190668
107.7,0.952661481
107.8,0.952129393
107.9,0.951594404
108,0.951056516
108.1,0.950515732
108.2,0.949972052
108.3,0.949425478
108.4,0.948876012
108.5,0.948323655
108.6,0.94776841
108.7,0.947210278
108.8,0.94664926
108.9,0.946085359
109,0.945518576
109.1,0.944948912
109.2,0.94437637
109.3,0.943800952
109.4,0.943222658
109.5,0.942641491
109.6,0.942057453
109.7,0.941470545
109.8,0.940880769
109.9,0.940288127
110,0.939692621
110.1,0.939094252
110.2,0.938493023
110.3,0.937888935
110.4,0.937281989
110.5,0.936672189
110.6,0.936059536
110.7,0.935444031
110.8,0.934825676
110.9,0.934204474
111,0.933580426
111.1,0.932953535
111.2,0.932323801
111.3,0.931691228
111.4,0.931055816
111.5,0.930417568
111.6,0.929776486
111.7,0.929132572
111.8,0.928485827
111.9,0.927836254
112,0.927183855
112.1,0.926528631
112.2,0.925870585
112.3,0.925209718
112.4,0.924546034
112.5,0.923879533
112.6,0.923210217
112.7,0.922538089
112.8,0.921863152
112.9,0.921185406
113,0.920504853
113.1,0.919821497
113.2,0.919135339
113.3,0.918446381
113.4,0.917754626
113.5,0.917060074
113.6,0.91636273
113.7,0.915662593
113.8,0.914959668
113.9,0.914253955
114,0.913545458
114.1,0.912834177
114.2,0.912120116
114.3,0.911403277
114.4,0.910683661
114.5,0.909961271
114.6,0.909236109
114.7,0.908508178
114.8,0.907777479
114.9,0.907044014
115,0.906307787
115.1,0.905568799
115.2,0.904827052
115.3,0.90408255
115.4,0.903335293
115.5,0.902585284
115.6,0.901832526
115.7,0.901077021
115.8,0.900318771
115.9,0.899557779
116,0.898794046
116.1,0.898027576
116.2,0.89725837
116.3,0.89648643
116.4,0.89571176
116.5,0.894934362
116.6,0.894154237
116.7,0.893371388
116.8,0.892585818
116.9,0.89179753
117,0.891006524
117.1,0.890212805
117.2,0.889416373
117.3,0.888617233
117.4,0.887815385
117.5,0.887010833
117.6,0.886203579
117.7,0.885393626
117.8,0.884580975
117.9,0.88376563
118,0.882947593
118.1,0.882126866
118.2,0.881303452
118.3,0.880477354
118.4,0.879648573
118.5,0.878817113
118.6,0.877982975
118.7,0.877146164
118.8,0.87630668
118.9,0.875464527
119,0.874619707
119.1,0.873772223
119.2,0.872922077
119.3,0.872069272
119.4,0.871213811
119.5,0.870355696
119.6,0.86949493
119.7,0.868631514
119.8,0.867765453
119.9,0.866896749
120,0.866025404
120.1,0.865151421
120.2,0.864274802
120.3,0.863395551
120.4,0.862513669
120.5,0.86162916
120.6,0.860742027
120.7,0.859852272
120.8,0.858959897
120.9,0.858064906
121,0.857167301
121.1,0.856267085
121.2,0.85536426
121.3,0.85445883
121.4,0.853550797
121.5,0.852640164
121.6,0.851726934
121.7,0.850811109
121.8,0.849892693
121.9,0.848971688
122,0.848048096
122.1,0.847121921
122.2,0.846193166
122.3,0.845261833
122.4,0.844327926
122.5,0.843391446
122.6,0.842452397
122.7,0.841510782
122.8,0.840566603
122.9,0.839619865
123,0.838670568
123.1,0.837718717
123.2,0.836764313
123.3,0.835807361
123.4,0.834847863
123.5,0.833885822
123.6,0.832921241
123.7,0.831954122
123.8,0.830984469
123.9,0.830012285
124,0.829037573
124.1,0.828060335
124.2,0.827080574
124.3,0.826098294
124.4,0.825113498
124.5,0.824126189
124.6,0.823136369
124.7,0.822144041
124.8,0.821149209
124.9,0.820151876
125,0.819152044
125.1,0.818149717
125.2,0.817144898
125.3,0.81613759
125.4,0.815127796
125.5,0.814115518
125.6,0.813100761
125.7,0.812083527
125.8,0.811063819
125.9,0.81004164
126,0.809016994
126.1,0.807989884
126.2,0.806960312
126.3,0.805928282
126.4,0.804893797
126.5,0.803856861
126.6,0.802817475
126.7,0.801775644
126.8,0.800731371
126.9,0.799684658
127,0.79863551
127.1,0.797583929
127.2,0.796529918
127.3,0.795473481
127.4,0.794414621
127.5,0.79335334
127.6,0.792289643
127.7,0.791223533
127.8,0.790155012
127.9,0.789084085
128,0.788010754
128.1,0.786935022
128.2,0.785856893
128.3,0.784776371
128.4,0.783693457
128.5,0.782608157
128.6,0.781520472
128.7,0.780430407
128.8,0.779337965
128.9,0.778243149
129,0.777145961
129.1,0.776046407
129.2,0.774944489
129.3,0.77384021
129.4,0.772733573
129.5,0.771624583
129.6,0.770513243
129.7,0.769399555
129.8,0.768283524
129.9,0.767165152
130,0.766044443
130.1,0.764921401
130.2,0.763796029
130.3,0.76266833
130.4,0.761538308
130.5,0.760405966
130.6,0.759271307
130.7,0.758134336
130.8,0.756995056
130.9,0.755853469
131,0.75470958
131.1,0.753563392
131.2,0.752414909
131.3,0.751264134
131.4,0.75011107
131.5,0.748955721
131.6,0.74779809
131.7,0.746638182
131.8,0.745476
131.9,0.744311546
132,0.743144825
132.1,0.741975841
132.2,0.740804596
132.3,0.739631095
132.4,0.738455341
132.5,0.737277337
132.6,0.736097087
132.7,0.734914595
132.8,0.733729865
132.9,0.732542899
133,0.731353702
133.1,0.730162277
133.2,0.728968627
133.3,0.727772758
133.4,0.726574671
133.5,0.725374371
133.6,0.724171861
133.7,0.722967146
133.8,0.721760228
133.9,0.720551112
134,0.7193398
134.1,0.718126298
134.2,0.716910608
134.3,0.715692734
134.4,0.71447268
134.5,0.713250449
134.6,0.712026046
134.7,0.710799474
134.8,0.709570737
134.9,0.708339838
135,0.707106781
135.1,0.705871571
135.2,0.70463421
135.3,0.703394703
135.4,0.702153053
135.5,0.700909264
135.6,0.699663341
135.7,0.698415285
135.8,0.697165103
135.9,0.695912797
136,0.69465837
136.1,0.693401828
136.2,0.692143174
136.3,0.690882411
136.4,0.689619544
136.5,0.688354576
136.6,0.687087511
136.7,0.685818353
136.8,0.684547106
136.9,0.683273774
137,0.68199836
137.1,0.680720869
137.2,0.679441304
137.3,0.67815967
137.4,0.67687597
137.5,0.675590208
137.6,0.674302388
137.7,0.673012514
137.8,0.671720589
137.9,0.670426619
138,0.669130606
138.1,0.667832555
138.2,0.66653247
138.3,0.665230355
138.4,0.663926213
138.5,0.662620048
138.6,0.661311865
138.7,0.660001668
138.8,0.65868946
138.9,0.657375246
139,0.656059029
139.1,0.654740814
139.2,0.653420604
139.3,0.652098404
139.4,0.650774217
139.5,0.649448048
139.6,0.648119901
139.7,0.64678978
139.8,0.645457688
139.9,0.64412363
140,0.64278761
140.1,0.641449632
140.2,0.640109699
140.3,0.638767818
140.4,0.63742399
140.5,0.63607822
140.6,0.634730513
140.7,0.633380873
140.8,0.632029303
140.9,0.630675807
141,0.629320391
141.1,0.627963058
141.2,0.626603811
141.3,0.625242656
141.4,0.623879597
141.5,0.622514637
141.6,0.62114778
141.7,0.619779032
141.8,0.618408395
141.9,0.617035875
142,0.615661475
142.1,0.6142852
142.2,0.612907054
142.3,0.61152704
142.4,0.610145164
142.5,0.608761429
142.6,0.60737584
142.7,0.6059884
142.8,0.604599115
142.9,0.603207988
143,0.601815023
143.1,0.600420225
143.2,0.599023599
143.3,0.597625147
143.4,0.596224875
143.5,0.594822787
143.6,0.593418887
143.7,0.592013179
143.8,0.590605668
143.9,0.589196357
144,0.587785252
144.1,0.586372357
144.2,0.584957675
144.3,0.583541211
144.4,0.58212297
144.5,0.580702956
144.6,0.579281172
144.7,0.577857624
144.8,0.576432316
144.9,0.575005252
145,0.573576436
145.1,0.572145873
145.2,0.570713568
145.3,0.569279523
145.4,0.567843745
145.5,0.566406237
145.6,0.564967003
145.7,0.563526049
145.8,0.562083378
145.9,0.560638995
146,0.559192903
146.1,0.557745109
146.2,0.556295616
146.3,0.554844427
146.4,0.553391549
146.5,0.551936985
146.6,0.55048074
146.7,0.549022818
146.8,0.547563223
146.9,0.546101961
147,0.544639035
147.1,0.54317445
147.2,0.54170821
147.3,0.54024032
147.4,0.538770785
147.5,0.537299608
147.6,0.535826795
147.7,0.534352349
147.8,0.532876276
147.9,0.53139858
148,0.529919264
148.1,0.528438335
148.2,0.526955795
148.3,0.525471651
148.4,0.523985906
148.5,0.522498565
148.6,0.521009632
148.7,0.519519112
148.8,0.518027009
148.9,0.516533329
149,0.515038075
149.1,0.513541252
149.2,0.512042865
149.3,0.510542918
149.4,0.509041416
149.5,0.507538363
149.6,0.506033764
149.7,0.504527624
149.8,0.503019947
149.9,0.501510737
150,0.5
150.1,0.49848774
150.2,0.496973961
150.3,0.495458668
150.4,0.493941867
150.5,0.49242356
150.6,0.490903754
150.7,0.489382452
150.8,0.487859659
150.9,0.48633538
151,0.48480962
151.1,0.483282383
151.2,0.481753674
151.3,0.480223497
151.4,0.478691858
151.5,0.47715876
151.6,0.475624209
151.7,0.474088209
151.8,0.472550765
151.9,0.471011881
152,0.469471563
152.1,0.467929814
152.2,0.46638664
152.3,0.464842046
152.4,0.463296035
152.5,0.461748613
152.6,0.460199785
152.7,0.458649554
152.8,0.457097927
152.9,0.455544907
153,0.4539905
153.1,0.452434709
153.2,0.450877541
153.3,0.449318999
153.4,0.447759088
153.5,0.446197813
153.6,0.444635179
153.7,0.443071191
153.8,0.441505853
153.9,0.43993917
154,0.438371147
154.1,0.436801788
154.2,0.435231099
154.3,0.433659085
154.4,0.432085749
154.5,0.430511097
154.6,0.428935133
154.7,0.427357863
154.8,0.425779292
154.9,0.424199423
155,0.422618262
155.1,0.421035813
155.2,0.419452082
155.3,0.417867074
155.4,0.416280792
155.5,0.414693243
155.6,0.41310443
155.7,0.411514359
155.8,0.409923034
155.9,0.40833046
156,0.406736643
156.1,0.405141587
156.2,0.403545296
156.3,0.401947777
156.4,0.400349033
156.5,0.398749069
156.6,0.397147891
156.7,0.395545503
156.8,0.39394191
156.9,0.392337117
157,0.390731128
157.1,0.38912395
157.2,0.387515586
157.3,0.385906042
157.4,0.384295323
157.5,0.382683432
157.6,0.381070376
157.7,0.37945616
157.8,0.377840787
157.9,0.376224263
158,0.374606593
158.1,0.372987783
158.2,0.371367836
158.3,0.369746757
158.4,0.368124553
158.5,0.366501227
158.6,0.364876784
158.7,0.36325123
158.8,0.36162457
158.9,0.359996808
159,0.35836795
159.1,0.356737999
159.2,0.355106962
159.3,0.353474844
159.4,0.351841648
159.5,0.350207381
159.6,0.348572047
159.7,0.346935652
159.8,0.345298199
159.9,0.343659695
160,0.342020143
160.1,0.34037955
160.2,0.33873792
160.3,0.337095258
160.4,0.33545157
160.5,0.333806859
160.6,0.332161132
160.7,0.330514393
160.8,0.328866647
160.9,0.327217899
161,0.325568154
161.1,0.323917418
161.2,0.322265695
161.3,0.320612991
161.4,0.318959309
161.5,0.317304656
161.6,0.315649037
161.7,0.313992456
161.8,0.312334919
161.9,0.31067643
162,0.309016994
162.1,0.307356618
162.2,0.305695305
162.3,0.304033061
162.4,0.302369891
162.5,0.3007058
162.6,0.299040792
162.7,0.297374874
162.8,0.29570805
162.9,0.294040325
163,0.292371705
163.1,0.290702194
163.2,0.289031797
163.3,0.28736052
163.4,0.285688367
163.5,0.284015345
163.6,0.282341457
163.7,0.280666709
163.8,0.278991106
163.9,0.277314653
164,0.275637356
164.1,0.273959219
164.2,0.272280247
164.3,0.270600446
164.4,0.268919821
164.5,0.267238376
164.6,0.265556117
164.7,0.26387305
164.8,0.262189179
164.9,0.260504509
165,0.258819045
165.1,0.257132793
165.2,0.255445758
165.3,0.253757945
165.4,0.252069358
165.5,0.250380004
165.6,0.248689887
165.7,0.246999013
165.8,0.245307386
165.9,0.243615012
166,0.241921896
166.1,0.240228042
166.2,0.238533458
166.3,0.236838146
166.4,0.235142113
166.5,0.233445364
166.6,0.231747903
166.7,0.230049737
166.8,0.22835087
166.9,0.226651307
167,0.224951054
167.1,0.223250116
167.2,0.221548498
167.3,0.219846204
167.4,0.218143241
167.5,0.216439614
167.6,0.214735327
167.7,0.213030386
167.8,0.211324796
167.9,0.209618563
168,0.207911691
168.1,0.206204185
168.2,0.204496052
168.3,0.202787295
168.4,0.201077921
168.5,0.199367934
168.6,0.19765734
168.7,0.195946144
168.8,0.194234351
168.9,0.192521967
169,0.190808995
169.1,0.189095443
169.2,0.187381315
169.3,0.185666615
169.4,0.183951351
169.5,0.182235525
169.6,0.180519145
169.7,0.178802215
169.8,0.17708474
169.9,0.175366726
170,0.173648178
170.1,0.1719291
170.2,0.170209499
170.3,0.16848938
170.4,0.166768747
170.5,0.165047606
170.6,0.163325962
170.7,0.161603821
170.8,0.159881188
170.9,0.158158067
171,0.156434465
171.1,0.154710386
171.2,0.152985836
171.3,0.15126082
171.4,0.149535343
171.5,0.147809411
171.6,0.146083029
171.7,0.144356201
171.8,0.142628934
171.9,0.140901232
172,0.139173101
172.1,0.137444546
172.2,0.135715572
172.3,0.133986185
172.4,0.13225639
172.5,0.130526192
172.6,0.128795597
172.7,0.127064609
172.8,0.125333234
172.9,0.123601477
173,0.121869343
173.1,0.120136839
173.2,0.118403968
173.3,0.116670737
173.4,0.11493715
173.5,0.113203214
173.6,0.111468932
173.7,0.109734311
173.8,0.107999356
173.9,0.106264071
174,0.104528463
174.1,0.102792537
174.2,0.101056297
174.3,0.09931975
174.4,0.0975829
174.5,0.095845753
174.6,0.094108313
174.7,0.092370587
174.8,0.09063258
174.9,0.088894297
175,0.087155743
175.1,0.085416923
175.2,0.083677843
175.3,0.081938509
175.4,0.080198924
175.5,0.078459096
175.6,0.076719028
175.7,0.074978727
175.8,0.073238197
175.9,0.071497444
176,0.069756474
176.1,0.068015291
176.2,0.0662739
176.3,0.064532308
176.4,0.06279052
176.5,0.06104854
176.6,0.059306374
176.7,0.057564027
176.8,0.055821505
176.9,0.054078813
177,0.052335956
177.1,0.05059294
177.2,0.04884977
177.3,0.047106451
177.4,0.045362988
177.5,0.043619387
177.6,0.041875654
177.7,0.040131793
177.8,0.038387809
177.9,0.036643709
178,0.034899497
178.1,0.033155178
178.2,0.031410759
178.3,0.029666244
178.4,0.027921639
178.5,0.026176948
178.6,0.024432178
178.7,0.022687334
178.8,0.02094242
178.9,0.019197442
179,0.017452406
179.1,0.015707317
179.2,0.01396218
179.3,0.012217001
179.4,0.010471784
179.5,0.008726535
179.6,0.00698126
179.7,0.005235964
179.8,0.003490651
179.9,0.001745328
180,1.03595E-13
180.1,-0.001745328
180.2,-0.003490651
180.3,-0.005235964
180.4,-0.00698126
180.5,-0.008726535
180.6,-0.010471784
180.7,-0.012217001
180.8,-0.01396218
180.9,-0.015707317
181,-0.017452406
181.1,-0.019197442
181.2,-0.02094242
181.3,-0.022687334
181.4,-0.024432178
181.5,-0.026176948
181.6,-0.027921639
181.7,-0.029666244
181.8,-0.031410759
181.9,-0.033155178
182,-0.034899497
182.1,-0.036643709
182.2,-0.038387809
182.3,-0.040131793
182.4,-0.041875654
182.5,-0.043619387
182.6,-0.045362988
182.7,-0.047106451
182.8,-0.04884977
182.9,-0.05059294
183,-0.052335956
183.1,-0.054078813
183.2,-0.055821505
183.3,-0.057564027
183.4,-0.059306374
183.5,-0.06104854
183.6,-0.06279052
183.7,-0.064532308
183.8,-0.0662739
183.9,-0.068015291
184,-0.069756474
184.1,-0.071497444
184.2,-0.073238197
184.3,-0.074978727
184.4,-0.076719028
184.5,-0.078459096
184.6,-0.080198924
184.7,-0.081938509
184.8,-0.083677843
184.9,-0.085416923
185,-0.087155743
185.1,-0.088894297
185.2,-0.09063258
185.3,-0.092370587
185.4,-0.094108313
185.5,-0.095845753
185.6,-0.0975829
185.7,-0.09931975
185.8,-0.101056297
185.9,-0.102792537
186,-0.104528463
186.1,-0.106264071
186.2,-0.107999356
186.3,-0.109734311
186.4,-0.111468932
186.5,-0.113203214
186.6,-0.11493715
186.7,-0.116670737
186.8,-0.118403968
186.9,-0.120136839
187,-0.121869343
187.1,-0.123601477
187.2,-0.125333234
187.3,-0.127064609
187.4,-0.128795597
187.5,-0.130526192
187.6,-0.13225639
187.7,-0.133986185
187.8,-0.135715572
187.9,-0.137444546
188,-0.139173101
188.1,-0.140901232
188.2,-0.142628934
188.3,-0.144356201
188.4,-0.146083029
188.5,-0.147809411
188.6,-0.149535343
188.7,-0.15126082
188.8,-0.152985836
188.9,-0.154710386
189,-0.156434465
189.1,-0.158158067
189.2,-0.159881188
189.3,-0.161603821
189.4,-0.163325962
189.5,-0.165047606
189.6,-0.166768747
189.7,-0.16848938
189.8,-0.170209499
189.9,-0.1719291
190,-0.173648178
190.1,-0.175366726
190.2,-0.17708474
190.3,-0.178802215
190.4,-0.180519145
190.5,-0.182235525
190.6,-0.183951351
190.7,-0.185666615
190.8,-0.187381315
190.9,-0.189095443
191,-0.190808995
191.1,-0.192521967
191.2,-0.194234351
191.3,-0.195946144
191.4,-0.19765734
191.5,-0.199367934
191.6,-0.201077921
191.7,-0.202787295
191.8,-0.204496052
191.9,-0.206204185
192,-0.207911691
192.1,-0.209618563
192.2,-0.211324796
192.3,-0.213030386
192.4,-0.214735327
192.5,-0.216439614
192.6,-0.218143241
192.7,-0.219846204
192.8,-0.221548498
192.9,-0.223250116
193,-0.224951054
193.1,-0.226651307
193.2,-0.22835087
193.3,-0.230049737
193.4,-0.231747903
193.5,-0.233445364
193.6,-0.235142113
193.7,-0.236838146
193.8,-0.238533458
193.9,-0.240228042
194,-0.241921896
194.1,-0.243615012
194.2,-0.245307386
194.3,-0.246999013
194.4,-0.248689887
194.5,-0.250380004
194.6,-0.252069358
194.7,-0.253757945
194.8,-0.255445758
194.9,-0.257132793
195,-0.258819045
195.1,-0.260504509
195.2,-0.262189179
195.3,-0.26387305
195.4,-0.265556117
195.5,-0.267238376
195.6,-0.268919821
195.7,-0.270600446
195.8,-0.272280247
195.9,-0.273959219
196,-0.275637356
196.1,-0.277314653
196.2,-0.278991106
196.3,-0.280666709
196.4,-0.282341457
196.5,-0.284015345
196.6,-0.285688367
196.7,-0.28736052
196.8,-0.289031797
196.9,-0.290702194
197,-0.292371705
197.1,-0.294040325
197.2,-0.29570805
197.3,-0.297374874
197.4,-0.299040792
197.5,-0.3007058
197.6,-0.302369891
197.7,-0.304033061
197.8,-0.305695305
197.9,-0.307356618
198,-0.309016994
198.1,-0.31067643
198.2,-0.312334919
198.3,-0.313992456
198.4,-0.315649037
198.5,-0.317304656
198.6,-0.318959309
198.7,-0.320612991
198.8,-0.322265695
198.9,-0.323917418
199,-0.325568154
199.1,-0.327217899
199.2,-0.328866647
199.3,-0.330514393
199.4,-0.332161132
199.5,-0.333806859
199.6,-0.33545157
199.7,-0.337095258
199.8,-0.33873792
199.9,-0.34037955
200,-0.342020143
200.1,-0.343659695
200.2,-0.345298199
200.3,-0.346935652
200.4,-0.348572047
200.5,-0.350207381
200.6,-0.351841648
200.7,-0.353474844
200.8,-0.355106962
200.9,-0.356737999
201,-0.35836795
201.1,-0.359996808
201.2,-0.36162457
201.3,-0.36325123
201.4,-0.364876784
201.5,-0.366501227
201.6,-0.368124553
201.7,-0.369746757
201.8,-0.371367836
201.9,-0.372987783
202,-0.374606593
202.1,-0.376224263
202.2,-0.377840787
202.3,-0.37945616
202.4,-0.381070376
202.5,-0.382683432
202.6,-0.384295323
202.7,-0.385906042
202.8,-0.387515586
202.9,-0.38912395
203,-0.390731128
203.1,-0.392337117
203.2,-0.39394191
203.3,-0.395545503
203.4,-0.397147891
203.5,-0.398749069
203.6,-0.400349033
203.7,-0.401947777
203.8,-0.403545296
203.9,-0.405141587
204,-0.406736643
204.1,-0.40833046
204.2,-0.409923034
204.3,-0.411514359
204.4,-0.41310443
204.5,-0.414693243
204.6,-0.416280792
204.7,-0.417867074
204.8,-0.419452082
204.9,-0.421035813
205,-0.422618262
205.1,-0.424199423
205.2,-0.425779292
205.3,-0.427357863
205.4,-0.428935133
205.5,-0.430511097
205.6,-0.432085749
205.7,-0.433659085
205.8,-0.435231099
205.9,-0.436801788
206,-0.438371147
206.1,-0.43993917
206.2,-0.441505853
206.3,-0.443071191
206.4,-0.444635179
206.5,-0.446197813
206.6,-0.447759088
206.7,-0.449318999
206.8,-0.450877541
206.9,-0.452434709
207,-0.4539905
207.1,-0.455544907
207.2,-0.457097927
207.3,-0.458649554
207.4,-0.460199785
207.5,-0.461748613
207.6,-0.463296035
207.7,-0.464842046
207.8,-0.46638664
207.9,-0.467929814
208,-0.469471563
208.1,-0.471011881
208.2,-0.472550765
208.3,-0.474088209
208.4,-0.475624209
208.5,-0.47715876
208.6,-0.478691858
208.7,-0.480223497
208.8,-0.481753674
208.9,-0.483282383
209,-0.48480962
209.1,-0.48633538
209.2,-0.487859659
209.3,-0.489382452
209.4,-0.490903754
209.5,-0.49242356
209.6,-0.493941867
209.7,-0.495458668
209.8,-0.496973961
209.9,-0.49848774
210,-0.5
210.1,-0.501510737
210.2,-0.503019947
210.3,-0.504527624
210.4,-0.506033764
210.5,-0.507538363
210.6,-0.509041416
210.7,-0.510542918
210.8,-0.512042865
210.9,-0.513541252
211,-0.515038075
211.1,-0.516533329
211.2,-0.518027009
211.3,-0.519519112
211.4,-0.521009632
211.5,-0.522498565
211.6,-0.523985906
211.7,-0.525471651
211.8,-0.526955795
211.9,-0.528438335
212,-0.529919264
212.1,-0.53139858
212.2,-0.532876276
212.3,-0.534352349
212.4,-0.535826795
212.5,-0.537299608
212.6,-0.538770785
212.7,-0.54024032
212.8,-0.54170821
212.9,-0.54317445
213,-0.544639035
213.1,-0.546101961
213.2,-0.547563223
213.3,-0.549022818
213.4,-0.55048074
213.5,-0.551936985
213.6,-0.553391549
213.7,-0.554844427
213.8,-0.556295616
213.9,-0.557745109
214,-0.559192903
214.1,-0.560638995
214.2,-0.562083378
214.3,-0.563526049
214.4,-0.564967003
214.5,-0.566406237
214.6,-0.567843745
214.7,-0.569279523
214.8,-0.570713568
214.9,-0.572145873
215,-0.573576436
215.1,-0.575005252
215.2,-0.576432316
215.3,-0.577857624
215.4,-0.579281172
215.5,-0.580702956
215.6,-0.58212297
215.7,-0.583541211
215.8,-0.584957675
215.9,-0.586372357
216,-0.587785252
216.1,-0.589196357
216.2,-0.590605668
216.3,-0.592013179
216.4,-0.593418887
216.5,-0.594822787
216.6,-0.596224875
216.7,-0.597625147
216.8,-0.599023599
216.9,-0.600420225
217,-0.601815023
217.1,-0.603207988
217.2,-0.604599115
217.3,-0.6059884
217.4,-0.60737584
217.5,-0.608761429
217.6,-0.610145164
217.7,-0.61152704
217.8,-0.612907054
217.9,-0.6142852
218,-0.615661475
218.1,-0.617035875
218.2,-0.618408395
218.3,-0.619779032
218.4,-0.62114778
218.5,-0.622514637
218.6,-0.623879597
218.7,-0.625242656
218.8,-0.626603811
218.9,-0.627963058
219,-0.629320391
219.1,-0.630675807
219.2,-0.632029303
219.3,-0.633380873
219.4,-0.634730513
219.5,-0.63607822
219.6,-0.63742399
219.7,-0.638767818
219.8,-0.640109699
219.9,-0.641449632
220,-0.64278761
220.1,-0.64412363
220.2,-0.645457688
220.3,-0.64678978
220.4,-0.648119901
220.5,-0.649448048
220.6,-0.650774217
220.7,-0.652098404
220.8,-0.653420604
220.9,-0.654740814
221,-0.656059029
221.1,-0.657375246
221.2,-0.65868946
221.3,-0.660001668
221.4,-0.661311865
221.5,-0.662620048
221.6,-0.663926213
221.7,-0.665230355
221.8,-0.66653247
221.9,-0.667832555
222,-0.669130606
222.1,-0.670426619
222.2,-0.671720589
222.3,-0.673012514
222.4,-0.674302388
222.5,-0.675590208
222.6,-0.67687597
222.7,-0.67815967
222.8,-0.679441304
222.9,-0.680720869
223,-0.68199836
223.1,-0.683273774
223.2,-0.684547106
223.3,-0.685818353
223.4,-0.687087511
223.5,-0.688354576
223.6,-0.689619544
223.7,-0.690882411
223.8,-0.692143174
223.9,-0.693401828
224,-0.69465837
224.1,-0.695912797
224.2,-0.697165103
224.3,-0.698415285
224.4,-0.699663341
224.5,-0.700909264
224.6,-0.702153053
224.7,-0.703394703
224.8,-0.70463421
224.9,-0.705871571
225,-0.707106781
225.1,-0.708339838
225.2,-0.709570737
225.3,-0.710799474
225.4,-0.712026046
225.5,-0.713250449
225.6,-0.71447268
225.7,-0.715692734
225.8,-0.716910608
225.9,-0.718126298
226,-0.7193398
226.1,-0.720551112
226.2,-0.721760228
226.3,-0.722967146
226.4,-0.724171861
226.5,-0.725374371
226.6,-0.726574671
226.7,-0.727772758
226.8,-0.728968627
226.9,-0.730162277
227,-0.731353702
227.1,-0.732542899
227.2,-0.733729865
227.3,-0.734914595
227.4,-0.736097087
227.5,-0.737277337
227.6,-0.738455341
227.7,-0.739631095
227.8,-0.740804596
227.9,-0.741975841
228,-0.743144825
228.1,-0.744311546
228.2,-0.745476
228.3,-0.746638182
228.4,-0.74779809
228.5,-0.748955721
228.6,-0.75011107
228.7,-0.751264134
228.8,-0.752414909
228.9,-0.753563392
229,-0.75470958
229.1,-0.755853469
229.2,-0.756995056
229.3,-0.758134336
229.4,-0.759271307
229.5,-0.760405966
229.6,-0.761538308
229.7,-0.76266833
229.8,-0.763796029
229.9,-0.764921401
230,-0.766044443
230.1,-0.767165152
230.2,-0.768283524
230.3,-0.769399555
230.4,-0.770513243
230.5,-0.771624583
230.6,-0.772733573
230.7,-0.77384021
230.8,-0.774944489
230.9,-0.776046407
231,-0.777145961
231.1,-0.778243149
231.2,-0.779337965
231.3,-0.780430407
231.4,-0.781520472
231.5,-0.782608157
231.6,-0.783693457
231.7,-0.784776371
231.8,-0.785856893
231.9,-0.786935022
232,-0.788010754
232.1,-0.789084085
232.2,-0.790155012
232.3,-0.791223533
232.4,-0.792289643
232.5,-0.79335334
232.6,-0.794414621
232.7,-0.795473481
232.8,-0.796529918
232.9,-0.797583929
233,-0.79863551
233.1,-0.799684658
233.2,-0.800731371
233.3,-0.801775644
233.4,-0.802817475
233.5,-0.803856861
233.6,-0.804893797
233.7,-0.805928282
233.8,-0.806960312
233.9,-0.807989884
234,-0.809016994
234.1,-0.81004164
234.2,-0.811063819
234.3,-0.812083527
234.4,-0.813100761
234.5,-0.814115518
234.6,-0.815127796
234.7,-0.81613759
234.8,-0.817144898
234.9,-0.818149717
235,-0.819152044
235.1,-0.820151876
235.2,-0.821149209
235.3,-0.822144041
235.4,-0.823136369
235.5,-0.824126189
235.6,-0.825113498
235.7,-0.826098294
235.8,-0.827080574
235.9,-0.828060335
236,-0.829037573
236.1,-0.830012285
236.2,-0.830984469
236.3,-0.831954122
236.4,-0.832921241
236.5,-0.833885822
236.6,-0.834847863
236.7,-0.835807361
236.8,-0.836764313
236.9,-0.837718717
237,-0.838670568
237.1,-0.839619865
237.2,-0.840566603
237.3,-0.841510782
237.4,-0.842452397
237.5,-0.843391446
237.6,-0.844327926
237.7,-0.845261833
237.8,-0.846193166
237.9,-0.847121921
238,-0.848048096
238.1,-0.848971688
238.2,-0.849892693
238.3,-0.850811109
238.4,-0.851726934
238.5,-0.852640164
238.6,-0.853550797
238.7,-0.85445883
238.8,-0.85536426
238.9,-0.856267085
239,-0.857167301
239.1,-0.858064906
239.2,-0.858959897
239.3,-0.859852272
239.4,-0.860742027
239.5,-0.86162916
239.6,-0.862513669
239.7,-0.863395551
239.8,-0.864274802
239.9,-0.865151421
240,-0.866025404
240.1,-0.866896749
240.2,-0.867765453
240.3,-0.868631514
240.4,-0.86949493
240.5,-0.870355696
240.6,-0.871213811
240.7,-0.872069272
240.8,-0.872922077
240.9,-0.873772223
241,-0.874619707
241.1,-0.875464527
241.2,-0.87630668
241.3,-0.877146164
241.4,-0.877982975
241.5,-0.878817113
241.6,-0.879648573
241.7,-0.880477354
241.8,-0.881303452
241.9,-0.882126866
242,-0.882947593
242.1,-0.88376563
242.2,-0.884580975
242.3,-0.885393626
242.4,-0.886203579
242.5,-0.887010833
242.6,-0.887815385
242.7,-0.888617233
242.8,-0.889416373
242.9,-0.890212805
243,-0.891006524
243.1,-0.89179753
243.2,-0.892585818
243.3,-0.893371388
243.4,-0.894154237
243.5,-0.894934362
243.6,-0.89571176
243.7,-0.89648643
243.8,-0.89725837
243.9,-0.898027576
244,-0.898794046
244.1,-0.899557779
244.2,-0.900318771
244.3,-0.901077021
244.4,-0.901832526
244.5,-0.902585284
244.6,-0.903335293
244.7,-0.90408255
244.8,-0.904827052
244.9,-0.905568799
245,-0.906307787
245.1,-0.907044014
245.2,-0.907777479
245.3,-0.908508178
245.4,-0.909236109
245.5,-0.909961271
245.6,-0.910683661
245.7,-0.911403277
245.8,-0.912120116
245.9,-0.912834177
246,-0.913545458
246.1,-0.914253955
246.2,-0.914959668
246.3,-0.915662593
246.4,-0.91636273
246.5,-0.917060074
246.6,-0.917754626
246.7,-0.918446381
246.8,-0.919135339
246.9,-0.919821497
247,-0.920504853
247.1,-0.921185406
247.2,-0.921863152
247.3,-0.922538089
247.4,-0.923210217
247.5,-0.923879533
247.6,-0.924546034
247.7,-0.925209718
247.8,-0.925870585
247.9,-0.926528631
248,-0.927183855
248.1,-0.927836254
248.2,-0.928485827
248.3,-0.929132572
248.4,-0.929776486
248.5,-0.930417568
248.6,-0.931055816
248.7,-0.931691228
248.8,-0.932323801
248.9,-0.932953535
249,-0.933580426
249.1,-0.934204474
249.2,-0.934825676
249.3,-0.935444031
249.4,-0.936059536
249.5,-0.936672189
249.6,-0.937281989
249.7,-0.937888935
249.8,-0.938493023
249.9,-0.939094252
250,-0.939692621
250.1,-0.940288127
250.2,-0.940880769
250.3,-0.941470545
250.4,-0.942057453
250.5,-0.942641491
250.6,-0.943222658
250.7,-0.943800952
250.8,-0.94437637
250.9,-0.944948912
251,-0.945518576
251.1,-0.946085359
251.2,-0.94664926
251.3,-0.947210278
251.4,-0.94776841
251.5,-0.948323655
251.6,-0.948876012
251.7,-0.949425478
251.8,-0.949972052
251.9,-0.950515732
252,-0.951056516
252.1,-0.951594404
252.2,-0.952129393
252.3,-0.952661481
252.4,-0.953190668
252.5,-0.953716951
252.6,-0.954240329
252.7,-0.9547608
252.8,-0.955278362
252.9,-0.955793015
253,-0.956304756
253.1,-0.956813584
253.2,-0.957319498
253.3,-0.957822495
253.4,-0.958322574
253.5,-0.958819735
253.6,-0.959313975
253.7,-0.959805292
253.8,-0.960293686
253.9,-0.960779154
254,-0.961261696
254.1,-0.96174131
254.2,-0.962217994
254.3,-0.962691746
254.4,-0.963162567
254.5,-0.963630453
254.6,-0.964095404
254.7,-0.964557418
254.8,-0.965016494
254.9,-0.965472631
255,-0.965925826
255.1,-0.966376079
255.2,-0.966823389
255.3,-0.967267753
255.4,-0.96770917
255.5,-0.96814764
255.6,-0.968583161
255.7,-0.969015731
255.8,-0.96944535
255.9,-0.969872015
256,-0.970295726
256.1,-0.970716482
256.2,-0.97113428
256.3,-0.97154912
256.4,-0.971961001
256.5,-0.97236992
256.6,-0.972775878
256.7,-0.973178873
256.8,-0.973578903
256.9,-0.973975967
257,-0.974370065
257.1,-0.974761194
257.2,-0.975149354
257.3,-0.975534544
257.4,-0.975916762
257.5,-0.976296007
257.6,-0.976672278
257.7,-0.977045574
257.8,-0.977415894
257.9,-0.977783237
258,-0.978147601
258.1,-0.978508985
258.2,-0.978867389
258.3,-0.979222811
258.4,-0.97957525
258.5,-0.979924705
258.6,-0.980271175
258.7,-0.980614659
258.8,-0.980955155
258.9,-0.981292664
259,-0.981627183
259.1,-0.981958713
259.2,-0.982287251
259.3,-0.982612797
259.4,-0.982935349
259.5,-0.983254908
259.6,-0.983571471
259.7,-0.983885038
259.8,-0.984195608
259.9,-0.98450318
260,-0.984807753
260.1,-0.985109326
260.2,-0.985407898
260.3,-0.985703469
260.4,-0.985996037
260.5,-0.986285602
260.6,-0.986572162
260.7,-0.986855716
260.8,-0.987136265
260.9,-0.987413807
261,-0.987688341
261.1,-0.987959866
261.2,-0.988228381
261.3,-0.988493887
261.4,-0.988756381
261.5,-0.989015863
261.6,-0.989272333
261.7,-0.989525789
261.8,-0.989776231
261.9,-0.990023658
262,-0.990268069
262.1,-0.990509463
262.2,-0.99074784
262.3,-0.9909832
262.4,-0.99121554
262.5,-0.991444861
262.6,-0.991671162
262.7,-0.991894443
262.8,-0.992114701
262.9,-0.992331938
263,-0.992546152
263.1,-0.992757342
263.2,-0.992965508
263.3,-0.99317065
263.4,-0.993372766
263.5,-0.993571856
263.6,-0.993767919
263.7,-0.993960955
263.8,-0.994150964
263.9,-0.994337944
264,-0.994521895
264.1,-0.994702817
264.2,-0.994880709
264.3,-0.99505557
264.4,-0.9952274
264.5,-0.995396198
264.6,-0.995561965
264.7,-0.995724698
264.8,-0.995884399
264.9,-0.996041065
265,-0.996194698
265.1,-0.996345296
265.2,-0.996492859
265.3,-0.996637387
265.4,-0.996778878
265.5,-0.996917334
265.6,-0.997052752
265.7,-0.997185134
265.8,-0.997314477
265.9,-0.997440783
266,-0.99756405
266.1,-0.997684279
266.2,-0.997801468
266.3,-0.997915618
266.4,-0.998026728
266.5,-0.998134798
266.6,-0.998239828
266.7,-0.998341817
266.8,-0.998440764
266.9,-0.99853667
267,-0.998629535
267.1,-0.998719357
267.2,-0.998806137
267.3,-0.998889875
267.4,-0.99897057
267.5,-0.999048222
267.6,-0.99912283
267.7,-0.999194395
267.8,-0.999262916
267.9,-0.999328394
268,-0.999390827
268.1,-0.999450216
268.2,-0.99950656
268.3,-0.99955986
268.4,-0.999610115
268.5,-0.999657325
268.6,-0.99970149
268.7,-0.999742609
268.8,-0.999780683
268.9,-0.999815712
269,-0.999847695
269.1,-0.999876632
269.2,-0.999902524
269.3,-0.99992537
269.4,-0.999945169
269.5,-0.999961923
269.6,-0.999975631
269.7,-0.999986292
269.8,-0.999993908
269.9,-0.999998477
270,-1
270.1,-0.999998477
270.2,-0.999993908
270.3,-0.999986292
270.4,-0.999975631
270.5,-0.999961923
270.6,-0.999945169
270.7,-0.99992537
270.8,-0.999902524
270.9,-0.999876632
271,-0.999847695
271.1,-0.999815712
271.2,-0.999780683
271.3,-0.999742609
271.4,-0.99970149
271.5,-0.999657325
271.6,-0.999610115
271.7,-0.99955986
271.8,-0.99950656
271.9,-0.999450216
272,-0.999390827
272.1,-0.999328394
272.2,-0.999262916
272.3,-0.999194395
272.4,-0.99912283
272.5,-0.999048222
272.6,-0.99897057
272.7,-0.998889875
272.8,-0.998806137
272.9,-0.998719357
273,-0.998629535
273.1,-0.99853667
273.2,-0.998440764
273.3,-0.998341817
273.4,-0.998239828
273.5,-0.998134798
273.6,-0.998026728
273.7,-0.997915618
273.8,-0.997801468
273.9,-0.997684279
274,-0.99756405
274.1,-0.997440783
274.2,-0.997314477
274.3,-0.997185134
274.4,-0.997052752
274.5,-0.996917334
274.6,-0.996778878
274.7,-0.996637387
274.8,-0.996492859
274.9,-0.996345296
275,-0.996194698
275.1,-0.996041065
275.2,-0.995884399
275.3,-0.995724698
275.4,-0.995561965
275.5,-0.995396198
275.6,-0.9952274
275.7,-0.99505557
275.8,-0.994880709
275.9,-0.994702817
276,-0.994521895
276.1,-0.994337944
276.2,-0.994150964
276.3,-0.993960955
276.4,-0.993767919
276.5,-0.993571856
276.6,-0.993372766
276.7,-0.99317065
276.8,-0.992965508
276.9,-0.992757342
277,-0.992546152
277.1,-0.992331938
277.2,-0.992114701
277.3,-0.991894443
277.4,-0.991671162
277.5,-0.991444861
277.6,-0.99121554
277.7,-0.9909832
277.8,-0.99074784
277.9,-0.990509463
278,-0.990268069
278.1,-0.990023658
278.2,-0.989776231
278.3,-0.989525789
278.4,-0.989272333
278.5,-0.989015863
278.6,-0.988756381
278.7,-0.988493887
278.8,-0.988228381
278.9,-0.987959866
279,-0.987688341
279.1,-0.987413807
279.2,-0.987136265
279.3,-0.986855716
279.4,-0.986572162
279.5,-0.986285602
279.6,-0.985996037
279.7,-0.985703469
279.8,-0.985407898
279.9,-0.985109326
280,-0.984807753
280.1,-0.98450318
280.2,-0.984195608
280.3,-0.983885038
280.4,-0.983571471
280.5,-0.983254908
280.6,-0.982935349
280.7,-0.982612797
280.8,-0.982287251
280.9,-0.981958713
281,-0.981627183
281.1,-0.981292664
281.2,-0.980955155
281.3,-0.980614659
281.4,-0.980271175
281.5,-0.979924705
281.6,-0.97957525
281.7,-0.979222811
281.8,-0.978867389
281.9,-0.978508985
282,-0.978147601
282.1,-0.977783237
282.2,-0.977415894
282.3,-0.977045574
282.4,-0.976672278
282.5,-0.976296007
282.6,-0.975916762
282.7,-0.975534544
282.8,-0.975149354
282.9,-0.974761194
283,-0.974370065
283.1,-0.973975967
283.2,-0.973578903
283.3,-0.973178873
283.4,-0.972775878
283.5,-0.97236992
283.6,-0.971961001
283.7,-0.97154912
283.8,-0.97113428
283.9,-0.970716482
284,-0.970295726
284.1,-0.969872015
284.2,-0.96944535
284.3,-0.969015731
284.4,-0.968583161
284.5,-0.96814764
284.6,-0.96770917
284.7,-0.967267753
284.8,-0.966823389
284.9,-0.966376079
285,-0.965925826
285.1,-0.965472631
285.2,-0.965016494
285.3,-0.964557418
285.4,-0.964095404
285.5,-0.963630453
285.6,-0.963162567
285.7,-0.962691746
285.8,-0.962217994
285.9,-0.96174131
286,-0.961261696
286.1,-0.960779154
286.2,-0.960293686
286.3,-0.959805292
286.4,-0.959313975
286.5,-0.958819735
286.6,-0.958322574
286.7,-0.957822495
286.8,-0.957319498
286.9,-0.956813584
287,-0.956304756
287.1,-0.955793015
287.2,-0.955278362
287.3,-0.9547608
287.4,-0.954240329
287.5,-0.953716951
287.6,-0.953190668
287.7,-0.952661481
287.8,-0.952129393
287.9,-0.951594404
288,-0.951056516
288.1,-0.950515732
288.2,-0.949972052
288.3,-0.949425478
288.4,-0.948876012
288.5,-0.948323655
288.6,-0.94776841
288.7,-0.947210278
288.8,-0.94664926
288.9,-0.946085359
289,-0.945518576
289.1,-0.944948912
289.2,-0.94437637
289.3,-0.943800952
289.4,-0.943222658
289.5,-0.942641491
289.6,-0.942057453
289.7,-0.941470545
289.8,-0.940880769
289.9,-0.940288127
290,-0.939692621
290.1,-0.939094252
290.2,-0.938493023
290.3,-0.937888935
290.4,-0.937281989
290.5,-0.936672189
290.6,-0.936059536
290.7,-0.935444031
290.8,-0.934825676
290.9,-0.934204474
291,-0.933580426
291.1,-0.932953535
291.2,-0.932323801
291.3,-0.931691228
291.4,-0.931055816
291.5,-0.930417568
291.6,-0.929776486
291.7,-0.929132572
291.8,-0.928485827
291.9,-0.927836254
292,-0.927183855
292.1,-0.926528631
292.2,-0.925870585
292.3,-0.925209718
292.4,-0.924546034
292.5,-0.923879533
292.6,-0.923210217
292.7,-0.922538089
292.8,-0.921863152
292.9,-0.921185406
293,-0.920504853
293.1,-0.919821497
293.2,-0.919135339
293.3,-0.918446381
293.4,-0.917754626
293.5,-0.917060074
293.6,-0.91636273
293.7,-0.915662593
293.8,-0.914959668
293.9,-0.914253955
294,-0.913545458
294.1,-0.912834177
294.2,-0.912120116
294.3,-0.911403277
294.4,-0.910683661
294.5,-0.909961271
294.6,-0.909236109
294.7,-0.908508178
294.8,-0.907777479
294.9,-0.907044014
295,-0.906307787
295.1,-0.905568799
295.2,-0.904827052
295.3,-0.90408255
295.4,-0.903335293
295.5,-0.902585284
295.6,-0.901832526
295.7,-0.901077021
295.8,-0.900318771
295.9,-0.899557779
296,-0.898794046
296.1,-0.898027576
296.2,-0.89725837
296.3,-0.89648643
296.4,-0.89571176
296.5,-0.894934362
296.6,-0.894154237
296.7,-0.893371388
296.8,-0.892585818
296.9,-0.89179753
297,-0.891006524
297.1,-0.890212805
297.2,-0.889416373
297.3,-0.888617233
297.4,-0.887815385
297.5,-0.887010833
297.6,-0.886203579
297.7,-0.885393626
297.8,-0.884580975
297.9,-0.88376563
298,-0.882947593
298.1,-0.882126866
298.2,-0.881303452
298.3,-0.880477354
298.4,-0.879648573
298.5,-0.878817113
298.6,-0.877982975
298.7,-0.877146164
298.8,-0.87630668
298.9,-0.875464527
299,-0.874619707
299.1,-0.873772223
299.2,-0.872922077
299.3,-0.872069272
299.4,-0.871213811
299.5,-0.870355696
299.6,-0.86949493
299.7,-0.868631514
299.8,-0.867765453
299.9,-0.866896749
300,-0.866025404
300.1,-0.865151421
300.2,-0.864274802
300.3,-0.863395551
300.4,-0.862513669
300.5,-0.86162916
300.6,-0.860742027
300.7,-0.859852272
300.8,-0.858959897
300.9,-0.858064906
301,-0.857167301
301.1,-0.856267085
301.2,-0.85536426
301.3,-0.85445883
301.4,-0.853550797
301.5,-0.852640164
301.6,-0.851726934
301.7,-0.850811109
301.8,-0.849892693
301.9,-0.848971688
302,-0.848048096
302.1,-0.847121921
302.2,-0.846193166
302.3,-0.845261833
302.4,-0.844327926
302.5,-0.843391446
302.6,-0.842452397
302.7,-0.841510782
302.8,-0.840566603
302.9,-0.839619865
303,-0.838670568
303.1,-0.837718717
303.2,-0.836764313
303.3,-0.835807361
303.4,-0.834847863
303.5,-0.833885822
303.6,-0.832921241
303.7,-0.831954122
303.8,-0.830984469
303.9,-0.830012285
304,-0.829037573
304.1,-0.828060335
304.2,-0.827080574
304.3,-0.826098294
304.4,-0.825113498
304.5,-0.824126189
304.6,-0.823136369
304.7,-0.822144041
304.8,-0.821149209
304.9,-0.820151876
305,-0.819152044
305.1,-0.818149717
305.2,-0.817144898
305.3,-0.81613759
305.4,-0.815127796
305.5,-0.814115518
305.6,-0.813100761
305.7,-0.812083527
305.8,-0.811063819
305.9,-0.81004164
306,-0.809016994
306.1,-0.807989884
306.2,-0.806960312
306.3,-0.805928282
306.4,-0.804893797
306.5,-0.803856861
306.6,-0.802817475
306.7,-0.801775644
306.8,-0.800731371
306.9,-0.799684658
307,-0.79863551
307.1,-0.797583929
307.2,-0.796529918
307.3,-0.795473481
307.4,-0.794414621
307.5,-0.79335334
307.6,-0.792289643
307.7,-0.791223533
307.8,-0.790155012
307.9,-0.789084085
308,-0.788010754
308.1,-0.786935022
308.2,-0.785856893
308.3,-0.784776371
308.4,-0.783693457
308.5,-0.782608157
308.6,-0.781520472
308.7,-0.780430407
308.8,-0.779337965
308.9,-0.778243149
309,-0.777145961
309.1,-0.776046407
309.2,-0.774944489
309.3,-0.77384021
309.4,-0.772733573
309.5,-0.771624583
309.6,-0.770513243
309.7,-0.769399555
309.8,-0.768283524
309.9,-0.767165152
310,-0.766044443
310.1,-0.764921401
310.2,-0.763796029
310.3,-0.76266833
310.4,-0.761538308
310.5,-0.760405966
310.6,-0.759271307
310.7,-0.758134336
310.8,-0.756995056
310.9,-0.755853469
311,-0.75470958
311.1,-0.753563392
311.2,-0.752414909
311.3,-0.751264134
311.4,-0.75011107
311.5,-0.748955721
311.6,-0.74779809
311.7,-0.746638182
311.8,-0.745476
311.9,-0.744311546
312,-0.743144825
312.1,-0.741975841
312.2,-0.740804596
312.3,-0.739631095
312.4,-0.738455341
312.5,-0.737277337
312.6,-0.736097087
312.7,-0.734914595
312.8,-0.733729865
312.9,-0.732542899
313,-0.731353702
313.1,-0.730162277
313.2,-0.728968627
313.3,-0.727772758
313.4,-0.726574671
313.5,-0.725374371
313.6,-0.724171861
313.7,-0.722967146
313.8,-0.721760228
313.9,-0.720551112
314,-0.7193398
314.1,-0.718126298
314.2,-0.716910608
314.3,-0.715692734
314.4,-0.71447268
314.5,-0.713250449
314.6,-0.712026046
314.7,-0.710799474
314.8,-0.709570737
314.9,-0.708339838
315,-0.707106781
315.1,-0.705871571
315.2,-0.70463421
315.3,-0.703394703
315.4,-0.702153053
315.5,-0.700909264
315.6,-0.699663341
315.7,-0.698415285
315.8,-0.697165103
315.9,-0.695912797
316,-0.69465837
316.1,-0.693401828
316.2,-0.692143174
316.3,-0.690882411
316.4,-0.689619544
316.5,-0.688354576
316.6,-0.687087511
316.7,-0.685818353
316.8,-0.684547106
316.9,-0.683273774
317,-0.68199836
317.1,-0.680720869
317.2,-0.679441304
317.3,-0.67815967
317.4,-0.67687597
317.5,-0.675590208
317.6,-0.674302388
317.7,-0.673012514
317.8,-0.671720589
317.9,-0.670426619
318,-0.669130606
318.1,-0.667832555
318.2,-0.66653247
318.3,-0.665230355
318.4,-0.663926213
318.5,-0.662620048
318.6,-0.661311865
318.7,-0.660001668
318.8,-0.65868946
318.9,-0.657375246
319,-0.656059029
319.1,-0.654740814
319.2,-0.653420604
319.3,-0.652098404
319.4,-0.650774217
319.5,-0.649448048
319.6,-0.648119901
319.7,-0.64678978
319.8,-0.645457688
319.9,-0.64412363
320,-0.64278761
320.1,-0.641449632
320.2,-0.640109699
320.3,-0.638767818
320.4,-0.63742399
320.5,-0.63607822
320.6,-0.634730513
320.7,-0.633380873
320.8,-0.632029303
320.9,-0.630675807
321,-0.629320391
321.1,-0.627963058
321.2,-0.626603811
321.3,-0.625242656
321.4,-0.623879597
321.5,-0.622514637
321.6,-0.62114778
321.7,-0.619779032
321.8,-0.618408395
321.9,-0.617035875
322,-0.615661475
322.1,-0.6142852
322.2,-0.612907054
322.3,-0.61152704
322.4,-0.610145164
322.5,-0.608761429
322.6,-0.60737584
322.7,-0.6059884
322.8,-0.604599115
322.9,-0.603207988
323,-0.601815023
323.1,-0.600420225
323.2,-0.599023599
323.3,-0.597625147
323.4,-0.596224875
323.5,-0.594822787
323.6,-0.593418887
323.7,-0.592013179
323.8,-0.590605668
323.9,-0.589196357
324,-0.587785252
324.1,-0.586372357
324.2,-0.584957675
324.3,-0.583541211
324.4,-0.58212297
324.5,-0.580702956
324.6,-0.579281172
324.7,-0.577857624
324.8,-0.576432316
324.9,-0.575005252
325,-0.573576436
325.1,-0.572145873
325.2,-0.570713568
325.3,-0.569279523
325.4,-0.567843745
325.5,-0.566406237
325.6,-0.564967003
325.7,-0.563526049
325.8,-0.562083378
325.9,-0.560638995
326,-0.559192903
326.1,-0.557745109
326.2,-0.556295616
326.3,-0.554844427
326.4,-0.553391549
326.5,-0.551936985
326.6,-0.55048074
326.7,-0.549022818
326.8,-0.547563223
326.9,-0.546101961
327,-0.544639035
327.1,-0.54317445
327.2,-0.54170821
327.3,-0.54024032
327.4,-0.538770785
327.5,-0.537299608
327.6,-0.535826795
327.7,-0.534352349
327.8,-0.532876276
327.9,-0.53139858
328,-0.529919264
328.1,-0.528438335
328.2,-0.526955795
328.3,-0.525471651
328.4,-0.523985906
328.5,-0.522498565
328.6,-0.521009632
328.7,-0.519519112
328.8,-0.518027009
328.9,-0.516533329
329,-0.515038075
329.1,-0.513541252
329.2,-0.512042865
329.3,-0.510542918
329.4,-0.509041416
329.5,-0.507538363
329.6,-0.506033764
329.7,-0.504527624
329.8,-0.503019947
329.9,-0.501510737
330,-0.5
330.1,-0.49848774
330.2,-0.496973961
330.3,-0.495458668
330.4,-0.493941867
330.5,-0.49242356
330.6,-0.490903754
330.7,-0.489382452
330.8,-0.487859659
330.9,-0.48633538
331,-0.48480962
331.1,-0.483282383
331.2,-0.481753674
331.3,-0.480223497
331.4,-0.478691858
331.5,-0.47715876
331.6,-0.475624209
331.7,-0.474088209
331.8,-0.472550765
331.9,-0.471011881
332,-0.469471563
332.1,-0.467929814
332.2,-0.46638664
332.3,-0.464842046
332.4,-0.463296035
332.5,-0.461748613
332.6,-0.460199785
332.7,-0.458649554
332.8,-0.457097927
332.9,-0.455544907
333,-0.4539905
333.1,-0.452434709
333.2,-0.450877541
333.3,-0.449318999
333.4,-0.447759088
333.5,-0.446197813
333.6,-0.444635179
333.7,-0.443071191
333.8,-0.441505853
333.9,-0.43993917
334,-0.438371147
334.1,-0.436801788
334.2,-0.435231099
334.3,-0.433659085
334.4,-0.432085749
334.5,-0.430511097
334.6,-0.428935133
334.7,-0.427357863
334.8,-0.425779292
334.9,-0.424199423
335,-0.422618262
335.1,-0.421035813
335.2,-0.419452082
335.3,-0.417867074
335.4,-0.416280792
335.5,-0.414693243
335.6,-0.41310443
335.7,-0.411514359
335.8,-0.409923034
335.9,-0.40833046
336,-0.406736643
336.1,-0.405141587
336.2,-0.403545296
336.3,-0.401947777
336.4,-0.400349033
336.5,-0.398749069
336.6,-0.397147891
336.7,-0.395545503
336.8,-0.39394191
336.9,-0.392337117
337,-0.390731128
337.1,-0.38912395
337.2,-0.387515586
337.3,-0.385906042
337.4,-0.384295323
337.5,-0.382683432
337.6,-0.381070376
337.7,-0.37945616
337.8,-0.377840787
337.9,-0.376224263
338,-0.374606593
338.1,-0.372987783
338.2,-0.371367836
338.3,-0.369746757
338.4,-0.368124553
338.5,-0.366501227
338.6,-0.364876784
338.7,-0.36325123
338.8,-0.36162457
338.9,-0.359996808
339,-0.35836795
339.1,-0.356737999
339.2,-0.355106962
339.3,-0.353474844
339.4,-0.351841648
339.5,-0.350207381
339.6,-0.348572047
339.7,-0.346935652
339.8,-0.345298199
339.9,-0.343659695
340,-0.342020143
340.1,-0.34037955
340.2,-0.33873792
340.3,-0.337095258
340.4,-0.33545157
340.5,-0.333806859
340.6,-0.332161132
340.7,-0.330514393
340.8,-0.328866647
340.9,-0.327217899
341,-0.325568154
341.1,-0.323917418
341.2,-0.322265695
341.3,-0.320612991
341.4,-0.318959309
341.5,-0.317304656
341.6,-0.315649037
341.7,-0.313992456
341.8,-0.312334919
341.9,-0.31067643
342,-0.309016994
342.1,-0.307356618
342.2,-0.305695305
342.3,-0.304033061
342.4,-0.302369891
342.5,-0.3007058
342.6,-0.299040792
342.7,-0.297374874
342.8,-0.29570805
342.9,-0.294040325
343,-0.292371705
343.1,-0.290702194
343.2,-0.289031797
343.3,-0.28736052
343.4,-0.285688367
343.5,-0.284015345
343.6,-0.282341457
343.7,-0.280666709
343.8,-0.278991106
343.9,-0.277314653
344,-0.275637356
344.1,-0.273959219
344.2,-0.272280247
344.3,-0.270600446
344.4,-0.268919821
344.5,-0.267238376
344.6,-0.265556117
344.7,-0.26387305
344.8,-0.262189179
344.9,-0.260504509
345,-0.258819045
345.1,-0.257132793
345.2,-0.255445758
345.3,-0.253757945
345.4,-0.252069358
345.5,-0.250380004
345.6,-0.248689887
345.7,-0.246999013
345.8,-0.245307386
345.9,-0.243615012
346,-0.241921896
346.1,-0.240228042
346.2,-0.238533458
346.3,-0.236838146
346.4,-0.235142113
346.5,-0.233445364
346.6,-0.231747903
346.7,-0.230049737
346.8,-0.22835087
346.9,-0.226651307
347,-0.224951054
347.1,-0.223250116
347.2,-0.221548498
347.3,-0.219846204
347.4,-0.218143241
347.5,-0.216439614
347.6,-0.214735327
347.7,-0.213030386
347.8,-0.211324796
347.9,-0.209618563
348,-0.207911691
348.1,-0.206204185
348.2,-0.204496052
348.3,-0.202787295
348.4,-0.201077921
348.5,-0.199367934
348.6,-0.19765734
348.7,-0.195946144
348.8,-0.194234351
348.9,-0.192521967
349,-0.190808995
349.1,-0.189095443
349.2,-0.187381315
349.3,-0.185666615
349.4,-0.183951351
349.5,-0.182235525
349.6,-0.180519145
349.7,-0.178802215
349.8,-0.17708474
349.9,-0.175366726
350,-0.173648178
350.1,-0.1719291
350.2,-0.170209499
350.3,-0.16848938
350.4,-0.166768747
350.5,-0.165047606
350.6,-0.163325962
350.7,-0.161603821
350.8,-0.159881188
350.9,-0.158158067
351,-0.156434465
351.1,-0.154710386
351.2,-0.152985836
351.3,-0.15126082
351.4,-0.149535343
351.5,-0.147809411
351.6,-0.146083029
351.7,-0.144356201
351.8,-0.142628934
351.9,-0.140901232
352,-0.139173101
352.1,-0.137444546
352.2,-0.135715572
352.3,-0.133986185
352.4,-0.13225639
352.5,-0.130526192
352.6,-0.128795597
352.7,-0.127064609
352.8,-0.125333234
352.9,-0.123601477
353,-0.121869343
353.1,-0.120136839
353.2,-0.118403968
353.3,-0.116670737
353.4,-0.11493715
353.5,-0.113203214
353.6,-0.111468932
353.7,-0.109734311
353.8,-0.107999356
353.9,-0.106264071
354,-0.104528463
354.1,-0.102792537
354.2,-0.101056297
354.3,-0.09931975
354.4,-0.0975829
354.5,-0.095845753
354.6,-0.094108313
354.7,-0.092370587
354.8,-0.09063258
354.9,-0.088894297
355,-0.087155743
355.1,-0.085416923
355.2,-0.083677843
355.3,-0.081938509
355.4,-0.080198924
355.5,-0.078459096
355.6,-0.076719028
355.7,-0.074978727
355.8,-0.073238197
355.9,-0.071497444
356,-0.069756474
356.1,-0.068015291
356.2,-0.0662739
356.3,-0.064532308
356.4,-0.06279052
356.5,-0.06104854
356.6,-0.059306374
356.7,-0.057564027
356.8,-0.055821505
356.9,-0.054078813
357,-0.052335956
357.1,-0.05059294
357.2,-0.04884977
357.3,-0.047106451
357.4,-0.045362988
357.5,-0.043619387
357.6,-0.041875654
357.7,-0.040131793
357.8,-0.038387809
357.9,-0.036643709
358,-0.034899497
358.1,-0.033155178
358.2,-0.031410759
358.3,-0.029666244
358.4,-0.027921639
358.5,-0.026176948
358.6,-0.024432178
358.7,-0.022687334
358.8,-0.02094242
358.9,-0.019197442
359,-0.017452406
359.1,-0.015707317
359.2,-0.01396218
359.3,-0.012217001
359.4,-0.010471784
359.5,-0.008726535
359.6,-0.00698126
359.7,-0.005235964
359.8,-0.003490651
359.9,-0.001745328
